{
  "image": "publishing-automation_dev",
  "containerEnv": {
    "PYTHONPATH": "/workspaces/publishing-automation"
  },
  "containerUser": "aim",
  "extensions": [
    "ms-python.python",
    "streetsidesoftware.code-spell-checker"
  ],
  "settings": {
    "terminal.integrated.shell.linux": "/bin/bash",
    "terminal.integrated.shellArgs.linux": [
      "-l"
    ],
    "python.pythonPath": "/usr/local/bin/python",
    "python.testing.unittestEnabled": false,
    "python.testing.nosetestsEnabled": false,
    "python.testing.pytestEnabled": true,
    "python.testing.pytestArgs": [
      "tst"
    ],
    "python.linting.enabled": true,
    "python.linting.pylintenabled": true,
    "python.linting.ignorePatterns": [
      ".vscode/*.py",
      "**/site-packages/**/*.py"
    ]
  }
}